{
  "test_rmse_log": 0.11514,
  "test_r2": 0.921357,
  "test_rmse_dollars": 19003.34,
  "test_mae_dollars": 13582.81
}